﻿<?xml version="1.0" encoding="utf-8"?>
<AppVariables version="2.0">
  <Datasets>
    <Dataset id="gdsMenu">
      <ColumnInfo>
        <Column id="mnuId" type="STRING" size="256"/>
        <Column id="jobSeCd" type="STRING" size="256"/>
        <Column id="mnuNm" type="STRING" size="256"/>
        <Column id="menuIndex" type="STRING" size="256"/>
        <Column id="pgmNm" type="STRING" size="256"/>
        <Column id="pgmUrl" type="STRING" size="256"/>
        <Column id="useAt" type="STRING" size="256"/>
        <Column id="lvl" type="STRING" size="256"/>
      </ColumnInfo>
    </Dataset>
    <Dataset id="gds_openForm">
      <ColumnInfo>
        <Column id="FORM_ID" type="STRING" size="256"/>
        <Column id="MENU_ID" type="STRING" size="256"/>
        <Column id="MENU_NAME" type="STRING" size="256"/>
        <Column id="FORM_URL" type="STRING" size="256"/>
      </ColumnInfo>
    </Dataset>
    <Dataset id="gdsUserInfo">
      <ColumnInfo>
        <Column id="empId" type="STRING" size="256"/>
        <Column id="empNm" type="STRING" size="256"/>
        <Column id="pwd" type="INT" size="256"/>
      </ColumnInfo>
    </Dataset>
    <Dataset id="gdsSearch">
      <ColumnInfo>
        <Column id="userId" type="STRING" size="256"/>
      </ColumnInfo>
    </Dataset>
    <Dataset id="gdsCode">
      <ColumnInfo>
        <Column id="jobSeCd" type="STRING" size="256"/>
        <Column id="jobSeCdNm" type="STRING" size="256"/>
        <Column id="cmnGrpCd" type="STRING" size="256"/>
        <Column id="cmnDumyCd" type="STRING" size="256"/>
        <Column id="cmnGrpCdNm" type="STRING" size="256"/>
        <Column id="cmnCd" type="STRING" size="256"/>
        <Column id="cmnCdNm" type="STRING" size="256"/>
        <Column id="refrn1" type="STRING" size="256"/>
        <Column id="refrn2" type="STRING" size="256"/>
        <Column id="refrn3" type="STRING" size="256"/>
        <Column id="refrn4" type="STRING" size="256"/>
        <Column id="refrn5" type="STRING" size="256"/>
        <Column id="refrn6" type="STRING" size="256"/>
        <Column id="refrn7" type="STRING" size="256"/>
        <Column id="refrn8" type="STRING" size="256"/>
        <Column id="refrn9" type="STRING" size="256"/>
        <Column id="refrn10" type="STRING" size="256"/>
        <Column id="sort" type="STRING" size="256"/>
        <Column id="useAt" type="STRING" size="256"/>
        <Column id="delAt" type="STRING" size="256"/>
        <Column id="rgsUsr" type="STRING" size="256"/>
        <Column id="rgsDt" type="STRING" size="256"/>
        <Column id="updUsr" type="STRING" size="256"/>
        <Column id="updDt" type="STRING" size="256"/>
        <Column id="rm" type="STRING" size="256"/>
      </ColumnInfo>
    </Dataset>
  </Datasets>
  <Variables>
    <Variable id="gv_variable" initval="nexacro patform"/>
    <Variable id="App_Var1" initval="App Variable Value1"/>
    <Variable id="App_Var2" initval="App Variable Value2"/>
    <Variable id="appPageReq"/>
  </Variables>
  <DataObjects/>
</AppVariables>
