<?xml version="1.0" encoding="utf-8"?>
<license version="1.2">
	<product>
		<name>Nexacro N</name>
		<version>21</version>
		<function>Runtime,WebBrowser</function>
	</product>
	<customer>
		<name>TOBESOFT</name>
		<developerCount>0</developerCount>
		<rootDomain>0.0.0.0</rootDomain>
		<targetPlatform>Windows,WindowsRT,macOS,iOS,Android</targetPlatform>
	</customer>
	<date>
		<activation>2021-12-01</activation>
		<term unit="month">2</term>
	</date>
	<key>U4CSCJS2MF5WG894P4S57VYYQ8VPER6KJ</key>
	<SignatureValue>ttU/tf0hEGIr6YO+rWBoLIhAwpLV1bUPIXtKXzxVYMxlIQ282S6mtbKLeSVw7YkB
PKipqhVJECYPu0d42gfBUJsJmmdVMmxJd+Fh0xK/7N6OU7qYsi66U+zOqCoy3qKk
rnDPL6V+0HpQIoyFJ5Jkpi35D6hY3FB+3g0F/ai1Lqyo1+GcQRz7RewbsXhIaBFe
KMFHorj8GBJ4DVHr+Q20LlDBitpbBXYIqoo5MFBr77kpbQErenPvmO9TxE++fgzt
crxIx6conbnsQ4s13Ki3jpsT1rQLKM0jcAgAeOf6HZEdDFg2b+U33ECc0f1mZBB3
iLWHV8PIYc+EI0fnfNfMdw==</SignatureValue>
</license>

