﻿{
    "version" : "21.0.0.1",
    "runtime" :
    {
        "target" :
        {
            "os" : "windows"
        },
        "framework" :
        [    
        "./nexacrolib/framework/Framework.js"
        ],
        "component" :
        [    
        "./nexacrolib/component/CompBase.js",
        "./nexacrolib/component/ComComp.js",
        "./nexacrolib/component/Grid.js",
        "./nexacrolib/component/DeviceAPI.js",
        "./nexacrolib/component/ListView.js",
        "./nexacrolib/component/SLF/SLF.js"
        ],
        "environment" :
        [    
        {
        "file":"./environment.xml.js"
        }
        ],
        "screen" :
        [    
        {"id":"Desktop_screen","type":"desktop","networksecurelevel":"all","themeid":"theme::edu_theme_d"}
        ],
        "xadl" :
        [
        {
        	"screenid":"Desktop_screen",
        	"launch":"./Application_Desktop.xadl.js",
        	"quickview":"./Application_Desktop.xadl.quickview.js",
        	"form":[
        				"./FrameBase/TopFrame.xfdl.js",
        		"./FrameBase/LeftFrame.xfdl.js",
        		"./FrameBase/MdiFrame.xfdl.js",
        		"./FrameBase/MainForm.xfdl.js"
        	]
        }
        ],  
        "protocol" :
        {
            "adaptors" :
            []
        },
        "resource" :
        {
            "windows" : {
                "updateurl" : "./",
                "timeout" : "30",
                "retry" : "3",
                "autoupdate" : "auto",
                "updatetype" : "server"
            }
        },
		"deploy" :
        {
            "windows" : {
                "updateurl" : "./"
            }
        },
        "userfont" :
        [

        ]
    }
}
