<?xml version="1.0" encoding="UTF-8"?>
<beans xmlns="http://www.springframework.org/schema/beans" xmlns:xsi="http://www.w3.org/2001/XMLSchema-instance"
        xmlns:p="http://www.springframework.org/schema/p"
        xmlns:context="http://www.springframework.org/schema/context"
        xmlns:mvc="http://www.springframework.org/schema/mvc"
        xsi:schemaLocation="http://www.springframework.org/schema/beans http://www.springframework.org/schema/beans/spring-beans-4.0.xsd
                http://www.springframework.org/schema/context http://www.springframework.org/schema/context/spring-context-4.0.xsd
                http://www.springframework.org/schema/mvc http://www.springframework.org/schema/mvc/spring-mvc-4.0.xsd">

	<mvc:annotation-driven/>

    <context:component-scan base-package="egovframework,cm">
        <context:include-filter type="annotation" expression="org.springframework.stereotype.Controller"/>
<!--         <context:exclude-filter type="annotation" expression="org.springframework.stereotype.Service"/>
        <context:exclude-filter type="annotation" expression="org.springframework.stereotype.Repository"/> -->
    </context:component-scan>
    
    <bean class="org.springframework.web.servlet.mvc.method.annotation.RequestMappingHandlerAdapter"/>
    <bean class="org.springframework.web.servlet.mvc.method.annotation.RequestMappingHandlerMapping">
        <property name="interceptors">
            <list>
                <ref bean="localeChangeInterceptor" />
            </list>
        </property>
    </bean>
    
	<bean id="localeResolver" class="org.springframework.web.servlet.i18n.SessionLocaleResolver">
		<property name="defaultLocale" value="ko" />
	</bean>
	<bean id="localeChangeInterceptor" class="org.springframework.web.servlet.i18n.LocaleChangeInterceptor">
		<property name="paramName" value="lang" />
	</bean>
    
<!--     <bean class="org.springframework.web.servlet.mvc.method.annotation.RequestMappingHandlerAdapter">
        <property name="webBindingInitializer">
            <bean class="egovframework.example.cmmn.web.EgovBindingInitializer"/>
        </property>
    </bean> -->
    
    <!--  annotation-driven 태그내부에 정의 -->
    <!--
    <bean class="org.springframework.web.servlet.mvc.method.annotation.RequestMappingHandlerMapping">
        <property name="interceptors">
            <list>
                <ref bean="localeChangeInterceptor" />
            </list>
        </property>
    </bean> -->
    
<!--     <mvc:interceptors>
        <mvc:interceptor>
            <mvc:mapping path="/"/> 
            <bean id="localeChangeInterceptor" class="org.springframework.web.servlet.i18n.LocaleChangeInterceptor">
		        <property name="paramName" value="language" />
		    </bean>
        </mvc:interceptor>
    </mvc:interceptors> -->
        
    <!-- <bean id="localeResolver" class="org.springframework.web.servlet.i18n.SessionLocaleResolver" /> -->
    <!-- 쿠키를 이용한 Locale 이용시 <bean id="localeResolver" class="org.springframework.web.servlet.i18n.CookieLocaleResolver"/> -->
    <!-- <bean id="localeChangeInterceptor" class="org.springframework.web.servlet.i18n.LocaleChangeInterceptor">
        <property name="paramName" value="language" />
    </bean> -->

<!--     <bean class="org.springframework.web.servlet.handler.SimpleMappingExceptionResolver">
        <property name="defaultErrorView" value="cmmn/egovError"/>
        <property name="exceptionMappings">
            <props>
                <prop key="org.springframework.dao.DataAccessException">cmmn/dataAccessFailure</prop>
                <prop key="org.springframework.transaction.TransactionException">cmmn/transactionFailure</prop>
                <prop key="egovframework.rte.fdl.cmmn.exception.EgovBizException">cmmn/egovError</prop>
                <prop key="org.springframework.security.AccessDeniedException">cmmn/egovError</prop>
            </props>
        </property>
    </bean>

    <bean class="org.springframework.web.servlet.view.UrlBasedViewResolver" p:order="1"
	    p:viewClass="org.springframework.web.servlet.view.JstlView"
	    p:prefix="/WEB-INF/jsp/egovframework/example/" p:suffix=".jsp"/> -->

    <!-- For Pagination Tag -->
    <!-- <bean id="imageRenderer" class="egovframework.example.cmmn.web.EgovImgPaginationRenderer"/> -->

    <!-- <bean id="paginationManager" class="egovframework.rte.ptl.mvc.tags.ui.pagination.DefaultPaginationManager">
        <property name="rendererType">
            <map>
                <entry key="image" value-ref="imageRenderer"/>
            </map>
        </property>
    </bean> -->
	<!-- /For Pagination Tag -->

    <!-- <mvc:view-controller path="/cmmn/validator.do" view-name="cmmn/validator"/> -->
    
    
    <!-- /////////////////////////////////// 넥사크로N UIADAPTER 설정 시작 /////////////////////////////////// -->
    <bean id="nexacroInterceptor" class="com.nexacro.uiadapter.spring.core.servlet.NexacroInterceptor"/>
    <bean id="nexacroFileView"    class="com.nexacro.uiadapter.spring.core.view.NexacroFileView" />
    <bean id="nexacroView"        class="com.nexacro.uiadapter.spring.core.view.NexacroView">
        <property name="defaultContentType" value="PlatformJson" /> <!-- PlatformXml PlatformJson -->
        <property name="defaultCharset" value="UTF-8" />
    </bean>
    
    <!-- 넥사크로N RequestMappingHandlerAdapter 구현체 등록 -->
    <bean class="com.nexacro.uiadapter.spring.core.resolve.NexacroRequestMappingHandlerAdapter" p:order="0">
        <property name="customArgumentResolvers">
            <list><bean class="com.nexacro.uiadapter.spring.core.resolve.NexacroMethodArgumentResolver" /></list>
        </property>
        <property name="customReturnValueHandlers">
            <list>
                <bean class="com.nexacro.uiadapter.spring.core.resolve.NexacroHandlerMethodReturnValueHandler">
                    <property name="view"     ref="nexacroView" />
                    <property name="fileView" ref="nexacroFileView" />
                </bean>
            </list>
        </property>
    </bean>
    
    <!-- 넥사크로N EXCEPTION-RESOLVER 등록 -->
    <bean id="exceptionResolver" class="com.nexacro.uiadapter.spring.core.resolve.NexacroMappingExceptionResolver" p:order="1">
        <property name="view" ref="nexacroView" />   
        <property name="shouldLogStackTrace" value="true" />   
        <property name="shouldSendStackTrace" value="true" />
        <!-- shouldSendStackTrace 가 false 일 경우 nexacroN으로 전송되는 에러메시지  -->
        <!-- <property name="defaultErrorMsg" value="An Error Occured. check the ErrorCode for detail of error infomation" /> -->
        <property name="defaultErrorMsg" value="fail.common.msg" />
        <property name="messageSource" ref="messageSource" />   
    </bean>
    
    <!-- XENI REQUEST-MAPPING-HANDLERADAPTER 등록 -->
    <bean class="org.springframework.web.servlet.mvc.SimpleControllerHandlerAdapter"/>
    <bean id="xeniUrlMapping" class="org.springframework.web.servlet.handler.SimpleUrlHandlerMapping" p:order="0">
        <property name="mappings">
            <props>
                <prop key="/XExportImport.do">xeniWrappingController</prop>
            </props>
        </property>
    </bean>
    
    <!-- XENI WRAPPINGCONTROLLER 설정. -->
    <bean id="xeniWrappingController" class="org.springframework.web.servlet.mvc.ServletWrappingController">
        <property name="servletClass">
            <value>com.nexacro.java.xeni.services.GridExportImportServlet</value>
        </property>
    </bean>
    <!-- /////////////////////////////////// 넥사크로N UIADAPTER 설정 끝 /////////////////////////////////// -->
    
    <!-- Multipart Resolver 최대 10메가 바이트(정확히 10메가는 아니지만)까지 업로드가 가능하도록 설정 -->
    <!-- XENI를 이용한 엑셀 IMPORT시 필요(엑셀 이용시 반드시 정의해야 함) -->
    <bean id="multipartResolver" class="org.springframework.web.multipart.commons.CommonsMultipartResolver">
        <property name="maxUploadSize"   value="100000000" />
        <property name="maxInMemorySize" value="100000000" />
    </bean>
    
    <!-- annotation-driven 설정. -->
    <mvc:annotation-driven />
</beans>