<?xml version="1.0" encoding="UTF-8"?>
<Configuration>
    <Appenders>
        <Console name="console" target="SYSTEM_OUT">
            <PatternLayout pattern="%d %5p [%c] %m%n" />
        </Console>
        
		<File name="file" fileName="D:\\Egov3100\\logs\\cmNx.log">
			<PatternLayout pattern="%d %5p [%C] %m%n" />
		</File>         
    </Appenders>
    <Loggers>
        <!-- log SQL with timing information, post execution -->
        <Logger name="jdbc.audit" level="ERROR">
            <AppenderRef ref="console" />
            <AppenderRef ref="file"/>
        </Logger>
        <Logger name="jdbc.resultset" level="ERROR">
            <AppenderRef ref="console" />
            <AppenderRef ref="file"/>
        </Logger>
        <Logger name="jdbc.resultsettable" level="DEBUG">
            <AppenderRef ref="console" />
            <AppenderRef ref="file"/>
        </Logger>
        <Logger name="jdbc.connection" level="ERROR">
            <AppenderRef ref="console" />
            <AppenderRef ref="file"/>
        </Logger>
		<Logger name="jdbc.sqlonly" level="DEBUG">
            <AppenderRef ref="console" />
            <AppenderRef ref="file"/>
        </Logger>          
        <Logger name="jdbc.sqltiming" level="ERROR">
            <AppenderRef ref="console" />
            <AppenderRef ref="file"/>
        </Logger>
                   
        <Logger name="egovframework" level="DEBUG" additivity="false">
            <AppenderRef ref="console" />
            <AppenderRef ref="file"/>
        </Logger>
        <Logger name="org.springframework" level="DEBUG" additivity="false">
            <AppenderRef ref="console" />
            <AppenderRef ref="file"/>
        </Logger>
        <Logger name="cm" level="DEBUG" additivity="false">
            <AppenderRef ref="console" />
            <AppenderRef ref="file"/>
        </Logger>
        <Logger name="org.apache.commons" level="WARN" additivity="false">
            <AppenderRef ref="console" />
            <AppenderRef ref="file"/>
        </Logger>
		<Logger name="com.nexacro" level="INFO" additivity="false">
            <AppenderRef ref="console" />
            <AppenderRef ref="file"/>
        </Logger>        
        
        <!-- 
        <Root level="DEBUG">
        	<AppenderRef ref="console" />
        	<AppenderRef ref="file"/>
        </Root>
         -->
    </Loggers>
</Configuration>

