<?xml version="1.0" encoding="UTF-8"?>
<!DOCTYPE mapper PUBLIC "-//mybatis.org//DTD Mapper 3.0//EN" "http://mybatis.org/dtd/mybatis-3-mapper.dtd" >
<mapper namespace="cm.comm.CommMapper">
    
    <select id="getLoginInfo" parameterType="java.util.Map" resultType="camelMap">	
		SELECT BI012.EMP_ID,
		       BI012.EMP_NM,
		       BI012.PWD
		FROM   (SELECT CMN_CD_NM AS DEPT_NM,
		               CMN_CD
		        FROM   TC_CM_BI_001
		        WHERE  JOB_SE_CD = 'CM'
		               AND CMN_GRP_CD = '028'
		               AND USE_AT = 1) DEPT_TABLE,
		       TN_CM_BI_012 BI012
		WHERE  BI012.DEPT_CD = DEPT_TABLE.CMN_CD
		AND BI012.DEL_AT = 0
		AND BI012.USE_AT = 1
		<if test='userId != null and userId != ""'>
			AND BI012.EMP_ID = #{userId}
		</if>
		AND ROWNUM = 1
    </select>
    
	<select id="getLeftMenuInfo" parameterType="java.util.Map" resultType="camelMap">
		<![CDATA[	
		SELECT   BI003.ID,
		         BI003.JOB_SE_CD,
		         BI003.MNU_NM,
		         BI003.MENU_INDEX,
		         BI003.MNU_ID,
		         BI003.PGM_ID,
		         BI002.PGM_NM,
		         BI002.PGM_URL,
		         BI002.SCRIN_ID,
		         BI002.PUP_AT,
		         BI003.UPP_MNU_ID,
		         TC_CM_BI_003.MNU_NM UP_MNU_NM,
		         BI003.SORT_ORDR,
		         BI003.USE_AT,
		         BI003.RM,
		         TO_NUMBER(BI003.LVL) - 1 AS LVL,
		         NULL BGCOLOR,
		         BI012.EMP_NM || ' ' || TO_CHAR(BI003.RGS_DT, 'YYYY/MM/DD HH24:MI:SS') REGINFO,
		         BI012.EMP_NM || ' ' || TO_CHAR(BI003.UPD_DT, 'YYYY/MM/DD HH24:MI:SS') MODINFO
		FROM     (SELECT ROWNUM AS ID,
		                 TOP_MENU,
		                 MENU_INDEX,
		                 MNU_ID,
		                 JOB_SE_CD,
		                 PGM_ID,
		                 MNU_NM,
		                 UPP_MNU_ID,
		                 SORT_ORDR,
		                 RM,
		                 USE_AT,
		                 RGSUSR,
		                 RGS_DT,
		                 UPDUSR,
		                 UPD_DT,
		                 LVL
		          FROM   (SELECT SUBSTR(SYS_CONNECT_BY_PATH(MNU_ID, ':'), 2, 4) TOP_MENU,
		                         SUBSTR(SYS_CONNECT_BY_PATH(CASE 
		                                                    WHEN SORT_ORDR < 10 THEN '0' || SORT_ORDR
		                                                    ELSE '' || SORT_ORDR
		                                                    END, '-'), 2) MENU_INDEX,
		                         MNU_ID,
		                         JOB_SE_CD,
		                         PGM_ID,
		                         MNU_NM,
		                         UPP_MNU_ID,
		                         SORT_ORDR,
		                         RM,
		                         USE_AT,
		                         RGSUSR,
		                         RGS_DT,
		                         UPDUSR,
		                         UPD_DT,
		                         LEVEL LVL
		                  FROM   TC_CM_BI_003
		                  WHERE  DEL_AT = 0
		                         AND JOB_SE_CD = 'CM'
		                         AND USE_AT = 1
		                  START WITH UPP_MNU_ID IS NULL 
		                  CONNECT BY  PRIOR MNU_ID = UPP_MNU_ID)) BI003,
		         TC_CM_BI_002 BI002,
		         TN_CM_BI_012 BI012,
		         TC_CM_BI_004 BI004,
		         TC_CM_BI_003
		WHERE    BI003.PGM_ID = BI002.PGM_ID (+) 
		         AND BI003.MNU_ID = BI004.MNU_ID
		         AND BI004.ATH_GRP_CD = BI012.ATH_GRP_CD		          
		         AND BI003.UPP_MNU_ID = TC_CM_BI_003.MNU_ID (+)
		]]>		         
		         
		ORDER BY BI003.MENU_INDEX
    </select>
    
	<select id="getCommCode" parameterType="java.util.Map" resultType="camelMap">
	<![CDATA[
		SELECT  JOB_SE_CD		
		    ,   CMN_GRP_CD		
		    ,   CMN_CD			
		    ,   CMN_CD_NM
		    ,   APPLCDE			       
		    ,   USE_AT			
		    ,   RGSUSR			
		    ,   RGS_DT			
		    ,   UPDUSR			
		    ,   UPD_DT			
		    ,   RM
		    ,	DEL_AT			
		FROM    TC_CM_BI_001    
		WHERE   USE_AT		= 1
		AND		DEL_AT 		= 0
		ORDER   BY  JOB_SE_CD   
		        ,   CMN_GRP_CD  
		        ,   CMN_CD      		        
	]]>
	</select>
</mapper>