<?xml version="1.0" encoding="utf-8"?>
<license version="1.2">
	<product>
		<name>Nexacro&#32;N</name>
		<version>21</version>
		<function>Runtime,WebBrowser</function>
	</product>
	<customer>
		<name>TOBESOFT</name>
		<coreCount>0</coreCount>
		<ipAddress>0.0.0.0</ipAddress>
		<targetPlatform>Windows,WindowsRT,macOS,iOS,Android</targetPlatform>
	</customer>
	<date>
		<activation>2021-12-01</activation>
		<term unit="month">2</term>
	</date>
	<key>WSZZ1K8UPB5W4RBJGE243A81ZFUR1QBA1</key>
</license>
